suite,model_id,case_id,group,benchmark_layer,layer,level,subsystem,bug_domain,bug_class,env_fault_class,target_flow,repair_scope,requires_rtl_change,requires_env_change,tool_evidence_required,tool_evidence_present,tool_evidence_files,public_design_refs,timeout_sec,start_time,end_time,elapsed_sec,locate_sec,edit_sec,build_sec,run_sec,judge_sec,iterations,token_input,token_output,token_total,token_is_estimate,rtl_changed,env_changed,modified_files,modified_rtl_files,modified_env_files,final_build_rc,final_run_rc,final_judge_rc,final_status,repair_class,failure_class,pass_marker,evidence_used,rule_violation,notes
v2_run_20260630_025641,glm-4.7,case_001,with_xdebug,generated_wrapper,generated_uvm,UT,axi,rtl,ready_valid_aw_w_b_order,,uvm_generated,rtl,true,false,true,true,xdebug_signal_windows.csv;xdebug_trace_summary.json,design_refs/common/rtl_debug_common.md;design_refs/ut/axi/axi_ut_design.md,3600,2026-07-01T02:08:47+08:00,2026-07-01T03:08:50+08:00,3602.137,46.958,0.54,667.138,56.877,1.294,125,4000142,76158,4076300,false,true,false,rtl/xs_generated_rtl_bridge.sv,rtl/xs_generated_rtl_bridge.sv,,124,1,1,TIMEOUT,rtl_only,timeout,,xdebug evidence + logs + repair-scope files,,api_model_name=xopglmv47flash; api_key_env=MAAS_API_KEY; transcript=glm-4.7_transcript.jsonl; command_log=glm-4.7_commands.log
v2_run_20260630_025641,glm-4.7,case_001,without_xdebug,generated_wrapper,generated_uvm,UT,axi,rtl,ready_valid_aw_w_b_order,,uvm_generated,rtl,true,false,false,false,,design_refs/common/rtl_debug_common.md;design_refs/ut/axi/axi_ut_design.md,3600,2026-07-01T09:05:37+0800,2026-07-01T10:05:37+0800,3600,0,0,0,0,0,231,5811151,89462,5900613,false,false,false,,,,,,1,TIMEOUT,no_effective_patch,,,logs + repair-scope files + text search,,transcript=glm-4.7_transcript.jsonl; api_model_name=xopglmv47flash
v2_run_20260630_025641,gpt-5.5,case_001,with_xdebug,generated_wrapper,generated_uvm,UT,axi,rtl,ready_valid_aw_w_b_order,,uvm_generated,rtl,true,false,true,true,xdebug_signal_windows.csv;xdebug_trace_summary.json,design_refs/common/rtl_debug_common.md;design_refs/ut/axi/axi_ut_design.md,3600,2026-07-01T02:06:09+08:00,2026-07-01T02:08:24+08:00,135.62,16.691,0.012,12.692,1.38,0.034,3,76895,3146,80041,false,true,false,rtl/xs_generated_rtl_bridge.sv,rtl/xs_generated_rtl_bridge.sv,,,,0,PASS,rtl_only,, | ===== JUDGE 2026-07-01T02:08:24+08:00 :: scripts/judge.sh ===== | PASS: generated UVM case passed | ,xdebug evidence + logs + repair-scope files,,api_model_name=gpt-5.5; api_key_env=GPT55_API_KEY; transcript=gpt-5.5_transcript.jsonl; command_log=gpt-5.5_commands.log
v2_run_20260630_025641,gpt-5.5,case_001,without_xdebug,generated_wrapper,generated_uvm,UT,axi,rtl,ready_valid_aw_w_b_order,,uvm_generated,rtl,true,false,false,false,,design_refs/common/rtl_debug_common.md;design_refs/ut/axi/axi_ut_design.md,3600,2026-07-01T02:08:25+08:00,2026-07-01T02:08:47+08:00,22.338,13.115,0.006,8.744,0.459,0.012,1,17054,291,17345,false,true,false,rtl/xs_generated_rtl_bridge.sv,rtl/xs_generated_rtl_bridge.sv,,,,0,PASS,rtl_only,, | ===== JUDGE 2026-07-01T02:08:47+08:00 :: scripts/judge.sh ===== | PASS: generated UVM case passed | ,logs + repair-scope files + text search,,api_model_name=gpt-5.5; api_key_env=GPT55_API_KEY; transcript=gpt-5.5_transcript.jsonl; command_log=gpt-5.5_commands.log
v2_run_20260630_025641,qwen3.6-35b,case_001,with_xdebug,generated_wrapper,generated_uvm,UT,axi,rtl,ready_valid_aw_w_b_order,,uvm_generated,rtl,true,false,true,true,xdebug_signal_windows.csv;xdebug_trace_summary.json,design_refs/common/rtl_debug_common.md;design_refs/ut/axi/axi_ut_design.md,3600,2026-07-01T03:11:26+08:00,2026-07-01T03:11:58+08:00,31.571,24.681,0.004,6.467,0.408,0.009,1,21955,4433,26388,false,true,false,rtl/xs_generated_rtl_bridge.sv,rtl/xs_generated_rtl_bridge.sv,,,,0,PASS,rtl_only,, | ===== JUDGE 2026-07-01T03:11:58+08:00 :: scripts/judge.sh ===== | PASS: generated UVM case passed | ,xdebug evidence + logs + repair-scope files,,api_model_name=xopqwen36v35b; api_key_env=MAAS_API_KEY; transcript=qwen3.6-35b_transcript.jsonl; command_log=qwen3.6-35b_commands.log
v2_run_20260630_025641,qwen3.6-35b,case_001,without_xdebug,generated_wrapper,generated_uvm,UT,axi,rtl,ready_valid_aw_w_b_order,,uvm_generated,rtl,true,false,false,false,,design_refs/common/rtl_debug_common.md;design_refs/ut/axi/axi_ut_design.md,3600,2026-07-01T04:27:51+08:00,2026-07-01T04:28:07+08:00,16.205,9.89,0.008,5.884,0.412,0.01,1,19502,790,20292,false,true,false,rtl/xs_generated_rtl_bridge.sv,rtl/xs_generated_rtl_bridge.sv,,,,0,PASS,rtl_only,, | ===== JUDGE 2026-07-01T04:28:07+08:00 :: scripts/judge.sh ===== | PASS: generated UVM case passed | ,logs + repair-scope files + text search,,api_model_name=xopqwen36v35b; api_key_env=MAAS_API_KEY; transcript=qwen3.6-35b_transcript.jsonl; command_log=qwen3.6-35b_commands.log
v2_run_20260630_025641,glm-4.7,case_002,with_xdebug,generated_wrapper,generated_uvm,UT,axi,rtl,burst_len_or_last,,uvm_generated,rtl,true,false,true,true,xdebug_signal_windows.csv;xdebug_trace_summary.json,design_refs/common/rtl_debug_common.md;design_refs/ut/axi/axi_ut_design.md,3600,2026-07-01T10:05:37+0800,2026-07-01T11:05:41+0800,3604,0,0,0,0,0,246,6403684,85936,6489620,false,false,false,,,,,,1,TIMEOUT,no_effective_patch,,,xdebug evidence + logs + repair-scope files,,transcript=glm-4.7_transcript.jsonl; api_model_name=xopglmv47flash
v2_run_20260630_025641,glm-4.7,case_002,without_xdebug,generated_wrapper,generated_uvm,UT,axi,rtl,burst_len_or_last,,uvm_generated,rtl,true,false,false,false,,design_refs/common/rtl_debug_common.md;design_refs/ut/axi/axi_ut_design.md,3600,2026-07-01T11:05:41+08:00,2026-07-01T22:33:22+0800,3609.085,21.45,0.406,5.514,0.442,0.009,111,3502457,60714,3563171,true,true,false,rtl/xs_generated_rtl_bridge.sv,rtl/xs_generated_rtl_bridge.sv,,,,1,TIMEOUT,rtl_only,,,logs + repair-scope files + text search,,transcript=glm-4.7_transcript.jsonl; api_model_name=xopglmv47flash; cumulative_attempts=6; cumulative_elapsed_sec=3609.085
v2_run_20260630_025641,gpt-5.5,case_002,with_xdebug,generated_wrapper,generated_uvm,UT,axi,rtl,burst_len_or_last,,uvm_generated,rtl,true,false,true,true,xdebug_signal_windows.csv;xdebug_trace_summary.json,design_refs/common/rtl_debug_common.md;design_refs/ut/axi/axi_ut_design.md,3600,2026-07-01T03:15:05+08:00,2026-07-01T03:19:28+08:00,262.992,25.978,0.038,12.853,3.932,0.08,8,224247,5930,230177,false,true,false,rtl/xs_generated_rtl_bridge.sv,rtl/xs_generated_rtl_bridge.sv,,,,0,PASS,rtl_only,, | ===== JUDGE 2026-07-01T03:19:28+08:00 :: scripts/judge.sh ===== | PASS: generated UVM case passed | ,xdebug evidence + logs + repair-scope files,,api_model_name=gpt-5.5; api_key_env=GPT55_API_KEY; transcript=gpt-5.5_transcript.jsonl; command_log=gpt-5.5_commands.log
v2_run_20260630_025641,gpt-5.5,case_002,without_xdebug,generated_wrapper,generated_uvm,UT,axi,rtl,burst_len_or_last,,uvm_generated,rtl,true,false,false,false,,design_refs/common/rtl_debug_common.md;design_refs/ut/axi/axi_ut_design.md,3600,2026-07-01T03:19:28+08:00,2026-07-01T03:23:03+08:00,214.69,27.625,0.023,11.638,2.951,0.058,7,183887,4940,188827,false,true,false,rtl/xs_generated_rtl_bridge.sv,rtl/xs_generated_rtl_bridge.sv,,,,0,PASS,rtl_only,, | ===== JUDGE 2026-07-01T03:23:03+08:00 :: scripts/judge.sh ===== | PASS: generated UVM case passed | ,logs + repair-scope files + text search,,api_model_name=gpt-5.5; api_key_env=GPT55_API_KEY; transcript=gpt-5.5_transcript.jsonl; command_log=gpt-5.5_commands.log
v2_run_20260630_025641,qwen3.6-35b,case_002,with_xdebug,generated_wrapper,generated_uvm,UT,axi,rtl,burst_len_or_last,,uvm_generated,rtl,true,false,true,true,xdebug_signal_windows.csv;xdebug_trace_summary.json,design_refs/common/rtl_debug_common.md;design_refs/ut/axi/axi_ut_design.md,3600,2026-07-01T04:28:07+08:00,2026-07-01T04:28:25+08:00,17.742,7.676,0.013,5.883,0.426,0.012,2,45636,1515,47151,false,true,false,rtl/xs_generated_rtl_bridge.sv,rtl/xs_generated_rtl_bridge.sv,,,,0,PASS,rtl_only,, | ===== JUDGE 2026-07-01T04:28:25+08:00 :: scripts/judge.sh ===== | PASS: generated UVM case passed | ,xdebug evidence + logs + repair-scope files,,api_model_name=xopqwen36v35b; api_key_env=MAAS_API_KEY; transcript=qwen3.6-35b_transcript.jsonl; command_log=qwen3.6-35b_commands.log
v2_run_20260630_025641,qwen3.6-35b,case_002,without_xdebug,generated_wrapper,generated_uvm,UT,axi,rtl,burst_len_or_last,,uvm_generated,rtl,true,false,false,false,,design_refs/common/rtl_debug_common.md;design_refs/ut/axi/axi_ut_design.md,3600,2026-07-01T04:28:25+08:00,2026-07-01T05:28:31+08:00,3605.724,3.084,1.869,0,0,0,447,12199643,272242,12471885,false,false,false,,,,1,1,1,TIMEOUT,no_effective_patch,timeout,,logs + repair-scope files + text search,,api_model_name=xopqwen36v35b; api_key_env=MAAS_API_KEY; transcript=qwen3.6-35b_transcript.jsonl; command_log=qwen3.6-35b_commands.log
v2_run_20260630_025641,glm-4.7,case_003,with_xdebug,real_rtl_it,generated_uvm,IT,memory,rtl,address_or_mask,,uvm_generated,rtl,true,false,true,true,xdebug_data_mismatch.csv;xdebug_trace_summary.json,design_refs/common/rtl_debug_common.md;design_refs/it/memory/memory_it_design.md,3600,2026-07-01T15:11:17+0800,2026-07-01T16:11:23+0800,3606,0,0,0,0,0,117,3695223,48144,3743367,false,false,false,,,,,,1,TIMEOUT,no_effective_patch,,,xdebug evidence + logs + repair-scope files,,transcript=glm-4.7_transcript.jsonl; api_model_name=xopglmv47flash
v2_run_20260630_025641,glm-4.7,case_003,without_xdebug,real_rtl_it,generated_uvm,IT,memory,rtl,address_or_mask,,uvm_generated,rtl,True,False,False,False,,design_refs/common/rtl_debug_common.md;design_refs/it/memory/memory_it_design.md,3600,2026-07-01T16:11:23+08:00,2026-07-01T20:27:45+08:00,6253.996,102.273,1.109,8.158,34.454,0.598,296,7668016,94531,7762547,true,false,false,,,,0,0,1,TIMEOUT,no_effective_patch,timeout,,logs + repair-scope files + text search,cumulative_retry_later_timeout: retry_later_attempts=6; cumulative_elapsed_sec=6253.996; timeout_sec=3600,api_model_name=xopglmv47flash; api_key_env=MAAS_API_KEY; transcript=glm-4.7_transcript.jsonl; command_log=glm-4.7_commands.log; cumulative_retry_later_attempts=6
v2_run_20260630_025641,gpt-5.5,case_003,with_xdebug,real_rtl_it,generated_uvm,IT,memory,rtl,address_or_mask,,uvm_generated,rtl,true,false,true,true,xdebug_data_mismatch.csv;xdebug_trace_summary.json,design_refs/common/rtl_debug_common.md;design_refs/it/memory/memory_it_design.md,3600,2026-07-01T03:23:03+08:00,2026-07-01T03:23:37+08:00,34.099,15.637,0.007,5.63,0.395,0.011,2,41701,600,42301,false,true,false,rtl/xs_generated_rtl_bridge.sv,rtl/xs_generated_rtl_bridge.sv,,,,0,PASS,rtl_only,, | ===== JUDGE 2026-07-01T03:23:37+08:00 :: scripts/judge.sh ===== | PASS: generated UVM case passed | ,xdebug evidence + logs + repair-scope files,,api_model_name=gpt-5.5; api_key_env=GPT55_API_KEY; transcript=gpt-5.5_transcript.jsonl; command_log=gpt-5.5_commands.log
v2_run_20260630_025641,gpt-5.5,case_003,without_xdebug,real_rtl_it,generated_uvm,IT,memory,rtl,address_or_mask,,uvm_generated,rtl,true,false,false,false,,design_refs/common/rtl_debug_common.md;design_refs/it/memory/memory_it_design.md,3600,2026-07-01T03:23:37+08:00,2026-07-01T03:23:58+08:00,20.821,14.809,0.003,5.609,0.389,0.009,1,17010,328,17338,false,true,false,rtl/xs_generated_rtl_bridge.sv,rtl/xs_generated_rtl_bridge.sv,,,,0,PASS,rtl_only,, | ===== JUDGE 2026-07-01T03:23:58+08:00 :: scripts/judge.sh ===== | PASS: generated UVM case passed | ,logs + repair-scope files + text search,,api_model_name=gpt-5.5; api_key_env=GPT55_API_KEY; transcript=gpt-5.5_transcript.jsonl; command_log=gpt-5.5_commands.log
v2_run_20260630_025641,qwen3.6-35b,case_003,with_xdebug,real_rtl_it,generated_uvm,IT,memory,rtl,address_or_mask,,uvm_generated,rtl,true,false,true,true,xdebug_data_mismatch.csv;xdebug_trace_summary.json,design_refs/common/rtl_debug_common.md;design_refs/it/memory/memory_it_design.md,3600,2026-07-01T06:32:58+0800,2026-07-01T07:32:58+0800,3600,0,0,0,0,0,268,8674995,363203,9038198,false,false,false,,,,,,1,TIMEOUT,no_effective_patch,,,xdebug evidence + logs + repair-scope files,,transcript=qwen3.6-35b_transcript.jsonl; api_model_name=xopqwen36v35b
v2_run_20260630_025641,qwen3.6-35b,case_003,without_xdebug,real_rtl_it,generated_uvm,IT,memory,rtl,address_or_mask,,uvm_generated,rtl,true,false,false,false,,design_refs/common/rtl_debug_common.md;design_refs/it/memory/memory_it_design.md,3600,2026-07-01T07:35:16+0800,2026-07-01T08:35:18+0800,3602,0,0,0,0,0,209,6340738,314340,6655078,false,false,false,,,,,,1,TIMEOUT,no_effective_patch,,,logs + repair-scope files + text search,,transcript=qwen3.6-35b_transcript.jsonl; api_model_name=xopqwen36v35b
v2_run_20260630_025641,glm-4.7,case_004,with_xdebug,real_rtl_it,generated_uvm,IT,peripheral,rtl,mmio_resp_or_decode,,uvm_generated,rtl,true,false,true,true,xdebug_decode_path.csv;xdebug_trace_summary.json,design_refs/common/rtl_debug_common.md;design_refs/it/peripheral/peripheral_it_design.md,3600,2026-07-01T22:33:22+08:00,2026-07-02T01:40:36+0800,3600.775,65.003,0.63,21.018,6.004,0.13,83,2402195,56408,2458603,true,true,false,rtl/xs_generated_rtl_bridge.sv;rtl/xs_bench_dut.sv,rtl/xs_generated_rtl_bridge.sv;rtl/xs_bench_dut.sv,,,,1,TIMEOUT,rtl_only,,,xdebug evidence + logs + repair-scope files,,repair_dir=/root/XiangShan-build/build/xverif_benchmark/v2_run_20260630_025641/repair/glm-4.7/with_xdebug/case_004; cumulative_attempts=5; cumulative_elapsed_sec=3600.775
v2_run_20260630_025641,glm-4.7,case_004,without_xdebug,real_rtl_it,generated_uvm,IT,peripheral,rtl,mmio_resp_or_decode,,uvm_generated,rtl,true,false,false,false,,design_refs/common/rtl_debug_common.md;design_refs/it/peripheral/peripheral_it_design.md,3600,2026-07-02T01:40:37+08:00,2026-07-02T03:11:34+0800,3600.359,15.391,0.717,13.346,83.619,1.778,177,4704818,67280,4772098,true,false,false,,,,,,1,TIMEOUT,no_effective_patch,,,logs + repair-scope files + text search,,repair_dir=/root/XiangShan-build/build/xverif_benchmark/v2_run_20260630_025641/repair/glm-4.7/without_xdebug/case_004; cumulative_attempts=2; cumulative_elapsed_sec=3600.359
v2_run_20260630_025641,gpt-5.5,case_004,with_xdebug,real_rtl_it,generated_uvm,IT,peripheral,rtl,mmio_resp_or_decode,,uvm_generated,rtl,true,false,true,true,xdebug_decode_path.csv;xdebug_trace_summary.json,design_refs/common/rtl_debug_common.md;design_refs/it/peripheral/peripheral_it_design.md,3600,2026-07-01T03:23:59+08:00,2026-07-01T03:29:19+08:00,320.551,16.033,0.051,10.445,7.477,0.156,19,520669,6595,527264,false,true,false,rtl/xs_generated_rtl_bridge.sv,rtl/xs_generated_rtl_bridge.sv,,,,0,PASS,rtl_only,, | ===== JUDGE 2026-07-01T03:29:19+08:00 :: scripts/judge.sh ===== | PASS: generated UVM case passed | ,xdebug evidence + logs + repair-scope files,,api_model_name=gpt-5.5; api_key_env=GPT55_API_KEY; transcript=gpt-5.5_transcript.jsonl; command_log=gpt-5.5_commands.log
v2_run_20260630_025641,gpt-5.5,case_004,without_xdebug,real_rtl_it,generated_uvm,IT,peripheral,rtl,mmio_resp_or_decode,,uvm_generated,rtl,true,false,false,false,,design_refs/common/rtl_debug_common.md;design_refs/it/peripheral/peripheral_it_design.md,3600,2026-07-01T03:29:19+08:00,2026-07-01T03:36:32+08:00,432.426,13.608,0.084,13.975,11.297,0.229,28,723734,8967,732701,false,true,false,rtl/xs_generated_rtl_bridge.sv,rtl/xs_generated_rtl_bridge.sv,,,,0,PASS,rtl_only,, | ===== JUDGE 2026-07-01T03:36:32+08:00 :: scripts/judge.sh ===== | PASS: generated UVM case passed | ,logs + repair-scope files + text search,,api_model_name=gpt-5.5; api_key_env=GPT55_API_KEY; transcript=gpt-5.5_transcript.jsonl; command_log=gpt-5.5_commands.log
v2_run_20260630_025641,qwen3.6-35b,case_004,with_xdebug,real_rtl_it,generated_uvm,IT,peripheral,rtl,mmio_resp_or_decode,,uvm_generated,rtl,true,false,true,true,xdebug_decode_path.csv;xdebug_trace_summary.json,design_refs/common/rtl_debug_common.md;design_refs/it/peripheral/peripheral_it_design.md,3600,2026-07-01T08:35:38+08:00,2026-07-01T08:35:57+08:00,19.752,13.992,0.004,5.35,0.394,0.01,1,19488,1047,20535,false,true,false,rtl/xs_generated_rtl_bridge.sv,rtl/xs_generated_rtl_bridge.sv,,,,0,PASS,rtl_only,, | ===== JUDGE 2026-07-01T08:35:57+08:00 :: scripts/judge.sh ===== | PASS: generated UVM case passed | ,xdebug evidence + logs + repair-scope files,,api_model_name=xopqwen36v35b; api_key_env=MAAS_API_KEY; transcript=qwen3.6-35b_transcript.jsonl; command_log=qwen3.6-35b_commands.log
v2_run_20260630_025641,qwen3.6-35b,case_004,without_xdebug,real_rtl_it,generated_uvm,IT,peripheral,rtl,mmio_resp_or_decode,,uvm_generated,rtl,true,false,false,false,,design_refs/common/rtl_debug_common.md;design_refs/it/peripheral/peripheral_it_design.md,3600,2026-07-01T08:35:58+08:00,2026-07-01T08:36:16+08:00,18.279,12.609,0.003,5.256,0.398,0.011,1,17260,856,18116,false,true,false,rtl/xs_generated_rtl_bridge.sv,rtl/xs_generated_rtl_bridge.sv,,,,0,PASS,rtl_only,, | ===== JUDGE 2026-07-01T08:36:16+08:00 :: scripts/judge.sh ===== | PASS: generated UVM case passed | ,logs + repair-scope files + text search,,api_model_name=xopqwen36v35b; api_key_env=MAAS_API_KEY; transcript=qwen3.6-35b_transcript.jsonl; command_log=qwen3.6-35b_commands.log
v2_run_20260630_025641,glm-4.7,case_005,with_xdebug,real_rtl_it,generated_uvm,IT,peripheral,rtl,error_backpressure,,uvm_generated,rtl,true,false,true,true,xdebug_resp_order.csv;xdebug_trace_summary.json,design_refs/common/rtl_debug_common.md;design_refs/it/peripheral/peripheral_it_design.md,3600,2026-07-02T03:11:35+08:00,2026-07-02T05:17:37+08:00,3614.394,31.42,0.709,6.09,0.419,0.008,199,5063469,81440,5144909,false,true,false,rtl/xs_bench_dut.sv,rtl/xs_bench_dut.sv,,1,1,1,TIMEOUT,rtl_only,timeout,,xdebug evidence + logs + repair-scope files,,api_model_name=xopglmv47flash; api_key_env=MAAS_API_KEY; transcript=glm-4.7_transcript.jsonl; command_log=glm-4.7_commands.log; cumulative_attempts=2; cumulative_elapsed_sec=3614.394
v2_run_20260630_025641,glm-4.7,case_005,without_xdebug,real_rtl_it,generated_uvm,IT,peripheral,rtl,error_backpressure,,uvm_generated,rtl,true,false,false,false,,design_refs/common/rtl_debug_common.md;design_refs/it/peripheral/peripheral_it_design.md,3600,2026-07-02T05:17:37+08:00,2026-07-02T06:17:44+08:00,3606.418,21.845,0.515,5.173,0.411,0.01,118,3646078,84226,3730304,false,true,false,rtl/xs_generated_rtl_bridge.sv,rtl/xs_generated_rtl_bridge.sv,,,,1,TIMEOUT,rtl_only,timeout,,logs + repair-scope files + text search,,api_model_name=xopglmv47flash; api_key_env=MAAS_API_KEY; transcript=glm-4.7_transcript.jsonl; command_log=glm-4.7_commands.log
v2_run_20260630_025641,gpt-5.5,case_005,with_xdebug,real_rtl_it,generated_uvm,IT,peripheral,rtl,error_backpressure,,uvm_generated,rtl,true,false,true,true,xdebug_resp_order.csv;xdebug_trace_summary.json,design_refs/common/rtl_debug_common.md;design_refs/it/peripheral/peripheral_it_design.md,3600,2026-07-01T03:36:32+08:00,2026-07-01T03:39:17+08:00,164.783,26.409,0.016,10.985,1.991,0.043,5,130372,3807,134179,false,true,false,rtl/xs_generated_rtl_bridge.sv,rtl/xs_generated_rtl_bridge.sv,,,,0,PASS,rtl_only,, | ===== JUDGE 2026-07-01T03:39:17+08:00 :: scripts/judge.sh ===== | PASS: generated UVM case passed | ,xdebug evidence + logs + repair-scope files,,api_model_name=gpt-5.5; api_key_env=GPT55_API_KEY; transcript=gpt-5.5_transcript.jsonl; command_log=gpt-5.5_commands.log
v2_run_20260630_025641,gpt-5.5,case_005,without_xdebug,real_rtl_it,generated_uvm,IT,peripheral,rtl,error_backpressure,,uvm_generated,rtl,true,false,false,false,,design_refs/common/rtl_debug_common.md;design_refs/it/peripheral/peripheral_it_design.md,3600,2026-07-01T03:39:17+08:00,2026-07-01T03:40:27+08:00,69.985,25.748,0.007,9.747,0.79,0.016,2,42027,1506,43533,false,true,false,rtl/xs_generated_rtl_bridge.sv,rtl/xs_generated_rtl_bridge.sv,,,,0,PASS,rtl_only,, | ===== JUDGE 2026-07-01T03:40:27+08:00 :: scripts/judge.sh ===== | PASS: generated UVM case passed | ,logs + repair-scope files + text search,,api_model_name=gpt-5.5; api_key_env=GPT55_API_KEY; transcript=gpt-5.5_transcript.jsonl; command_log=gpt-5.5_commands.log
v2_run_20260630_025641,qwen3.6-35b,case_005,with_xdebug,real_rtl_it,generated_uvm,IT,peripheral,rtl,error_backpressure,,uvm_generated,rtl,true,false,true,true,xdebug_resp_order.csv;xdebug_trace_summary.json,design_refs/common/rtl_debug_common.md;design_refs/it/peripheral/peripheral_it_design.md,3600,2026-07-01T08:36:17+08:00,2026-07-01T08:36:59+08:00,42.425,27.02,0.01,5.368,0.415,0.012,2,46478,4865,51343,false,true,false,rtl/xs_generated_rtl_bridge.sv,rtl/xs_generated_rtl_bridge.sv,,,,0,PASS,rtl_only,, | ===== JUDGE 2026-07-01T08:36:59+08:00 :: scripts/judge.sh ===== | PASS: generated UVM case passed | ,xdebug evidence + logs + repair-scope files,,api_model_name=xopqwen36v35b; api_key_env=MAAS_API_KEY; transcript=qwen3.6-35b_transcript.jsonl; command_log=qwen3.6-35b_commands.log
v2_run_20260630_025641,qwen3.6-35b,case_005,without_xdebug,real_rtl_it,generated_uvm,IT,peripheral,rtl,error_backpressure,,uvm_generated,rtl,true,false,false,false,,design_refs/common/rtl_debug_common.md;design_refs/it/peripheral/peripheral_it_design.md,3600,2026-07-01T11:05:42+0800,2026-07-01T12:05:42+0800,3600,0,0,0,0,0,220,6220500,347772,6568272,false,false,false,,,,,,1,TIMEOUT,no_effective_patch,,,logs + repair-scope files + text search,,transcript=qwen3.6-35b_transcript.jsonl; api_model_name=xopqwen36v35b
v2_run_20260630_025641,glm-4.7,case_006,with_xdebug,fullchip,fullchip,SOC,pipeline,rtl,late_pipeline_bug,,fullchip_vcs,rtl,true,false,true,true,xdebug_commit_window.json;xdebug_wave_notes.md,design_refs/common/rtl_debug_common.md;design_refs/fullchip/pipeline/pipeline_fullchip_design.md,3600,2026-07-02T06:17:53+08:00,2026-07-02T10:12:10+0800,3600.999,115.489,0.222,177.088,8.93,0.008,56,1875872,56946,1932818,true,false,false,,,,,,1,TIMEOUT,no_effective_patch,,,xdebug evidence + logs + repair-scope files,,repair_dir=/root/XiangShan-build/build/xverif_benchmark/v2_run_20260630_025641/repair/glm-4.7/with_xdebug/case_006; cumulative_attempts=6; cumulative_elapsed_sec=3600.999
v2_run_20260630_025641,glm-4.7,case_006,without_xdebug,fullchip,fullchip,SOC,pipeline,rtl,late_pipeline_bug,,fullchip_vcs,rtl,true,false,false,false,,design_refs/common/rtl_debug_common.md;design_refs/fullchip/pipeline/pipeline_fullchip_design.md,3600,2026-07-02T10:12:12+08:00,2026-07-02T16:46:02+0800,3599.772,145.53,0.275,201.433,9.603,0.007,76,2426240,44867,2471107,true,true,false,rtl/AMOALU.sv,rtl/AMOALU.sv,,,,1,TIMEOUT,rtl_only,,,logs + repair-scope files + text search,,repair_dir=/root/XiangShan-build/build/xverif_benchmark/v2_run_20260630_025641/repair/glm-4.7/without_xdebug/case_006; cumulative_attempts=7; cumulative_elapsed_sec=3599.772
v2_run_20260630_025641,gpt-5.5,case_006,with_xdebug,fullchip,fullchip,SOC,pipeline,rtl,late_pipeline_bug,,fullchip_vcs,rtl,true,false,true,true,xdebug_commit_window.json;xdebug_wave_notes.md,design_refs/common/rtl_debug_common.md;design_refs/fullchip/pipeline/pipeline_fullchip_design.md,3600,2026-07-01T03:41:46+08:00,2026-07-01T04:25:50+08:00,2643.841,23.685,0.003,189.692,2417.425,0.014,2,42281,840,43121,false,true,false,rtl/Alu_3.sv,rtl/Alu_3.sv,,,,0,PASS,rtl_only,, | ===== JUDGE 2026-07-01T04:25:49+08:00 :: scripts/judge.sh ===== | PASS: full-chip workload passed | ,xdebug evidence + logs + repair-scope files,,api_model_name=gpt-5.5; api_key_env=GPT55_API_KEY; transcript=gpt-5.5_transcript.jsonl; command_log=gpt-5.5_commands.log
v2_run_20260630_025641,gpt-5.5,case_006,without_xdebug,fullchip,fullchip,SOC,pipeline,rtl,late_pipeline_bug,,fullchip_vcs,rtl,True,False,False,False,,design_refs/common/rtl_debug_common.md;design_refs/fullchip/pipeline/pipeline_fullchip_design.md,3600,2026-07-01T05:32:34+08:00,2026-07-01T15:11:17+08:00,9395.394,103.317,0.191,4717.255,219.135,0.21,74,2029988,100097,2130085,false,true,false,rtl/AluDataModule.sv;rtl/AXI4UART.sv;rtl/AluDataModule_3.sv;rtl/BypassNetwork.sv;rtl/MiscResultSelect.sv,rtl/AluDataModule.sv;rtl/AXI4UART.sv;rtl/AluDataModule_3.sv;rtl/BypassNetwork.sv;rtl/MiscResultSelect.sv,,255,1,1,TIMEOUT,rtl_only,timeout,,logs + repair-scope files + text search,cumulative_retry_later_timeout: retry_later_attempts=5; cumulative_elapsed_sec=9395.394; timeout_sec=3600,api_model_name=gpt-5.5; api_key_env=GPT55_API_KEY; transcript=gpt-5.5_transcript.jsonl; command_log=gpt-5.5_commands.log; cumulative_retry_later_attempts=5
v2_run_20260630_025641,qwen3.6-35b,case_006,with_xdebug,fullchip,fullchip,SOC,pipeline,rtl,late_pipeline_bug,,fullchip_vcs,rtl,true,false,true,true,xdebug_commit_window.json;xdebug_wave_notes.md,design_refs/common/rtl_debug_common.md;design_refs/fullchip/pipeline/pipeline_fullchip_design.md,3600,2026-07-01T12:24:05+08:00,2026-07-01T22:30:35+08:00,3607.51,108.024,1.661,248.419,15.494,0.009,273,11031944,390997,11422941,true,true,false,rtl/AMOALU.sv,rtl/AMOALU.sv,,,,1,TIMEOUT,rtl_only,timeout,,xdebug evidence + logs + repair-scope files,,api_model_name=xopqwen36v35b; api_key_env=MAAS_API_KEY; transcript=qwen3.6-35b_transcript.jsonl; command_log=qwen3.6-35b_commands.log; cumulative_attempts=4; cumulative_elapsed_sec=3607.510
v2_run_20260630_025641,qwen3.6-35b,case_006,without_xdebug,fullchip,fullchip,SOC,pipeline,rtl,late_pipeline_bug,,fullchip_vcs,rtl,true,false,false,false,,design_refs/common/rtl_debug_common.md;design_refs/fullchip/pipeline/pipeline_fullchip_design.md,3600,2026-07-01T14:23:47+08:00,2026-07-02T13:29:01+0800,3599.572,159.334,0.07,606.785,41.927,0.028,20,739930,58129,798059,true,true,false,rtl/AMOALU.sv,rtl/AMOALU.sv,,,,1,TIMEOUT,rtl_only,,,logs + repair-scope files + text search,,repair_dir=/root/XiangShan-build/build/xverif_benchmark/v2_run_20260630_025641/repair/qwen3.6-35b/without_xdebug/case_006; cumulative_attempts=22; cumulative_elapsed_sec=3599.572
v2_run_20260630_025641,glm-4.7,case_007,with_xdebug,fullchip,fullchip,SOC,control,rtl,valid_ready_rfWen_flush,,fullchip_vcs,rtl,True,False,True,True,xdebug_control_trace.json;xdebug_first_divergence.md,design_refs/common/rtl_debug_common.md;design_refs/fullchip/control/control_fullchip_design.md,3600,2026-07-02T16:46:05+08:00,2026-07-02T16:48:12+08:00,127.567,0.0,0.0,0.0,0.0,0.0,0,0,0,0,True,False,False,,,,1,1,1,RETRY_LATER,no_effective_patch,api_rate_limited,,xdebug evidence + logs + repair-scope files,api_retryable_retry_later: API call timed out after 120s,api_model_name=xopglmv47flash; api_key_env=MAAS_API_KEY; transcript=glm-4.7_transcript.jsonl; command_log=glm-4.7_commands.log
v2_run_20260630_025641,glm-4.7,case_007,with_xdebug,fullchip,fullchip,SOC,control,rtl,valid_ready_rfWen_flush,,fullchip_vcs,rtl,True,False,True,True,xdebug_control_trace.json;xdebug_first_divergence.md,design_refs/common/rtl_debug_common.md;design_refs/fullchip/control/control_fullchip_design.md,3472,2026-07-02T17:39:48+08:00,2026-07-02T17:53:53+08:00,845.263,23.28,0.139,0.0,0.0,0.0,24,783554,11932,795486,False,False,False,,,,1,1,1,RETRY_LATER,no_effective_patch,api_rate_limited,,xdebug evidence + logs + repair-scope files,api_retryable_retry_later: API call timed out after 120s,api_model_name=xopglmv47flash; api_key_env=MAAS_API_KEY; transcript=glm-4.7_transcript.jsonl; command_log=glm-4.7_commands.log
v2_run_20260630_025641,glm-4.7,case_007,with_xdebug,fullchip,fullchip,SOC,control,rtl,valid_ready_rfWen_flush,,fullchip_vcs,rtl,True,False,True,True,xdebug_control_trace.json;xdebug_first_divergence.md,design_refs/common/rtl_debug_common.md;design_refs/fullchip/control/control_fullchip_design.md,2627,2026-07-02T18:23:57+08:00,2026-07-02T18:25:58+08:00,120.453,0.0,0.0,0.0,0.0,0.0,0,0,0,0,True,False,False,,,,1,1,1,RETRY_LATER,no_effective_patch,api_rate_limited,,xdebug evidence + logs + repair-scope files,api_retryable_retry_later: API call timed out after 120s,api_model_name=xopglmv47flash; api_key_env=MAAS_API_KEY; transcript=glm-4.7_transcript.jsonl; command_log=glm-4.7_commands.log
v2_run_20260630_025641,glm-4.7,case_007,with_xdebug,fullchip,fullchip,SOC,control,rtl,valid_ready_rfWen_flush,,fullchip_vcs,rtl,True,False,True,True,xdebug_control_trace.json;xdebug_first_divergence.md,design_refs/common/rtl_debug_common.md;design_refs/fullchip/control/control_fullchip_design.md,2506,2026-07-02T18:57:12+08:00,2026-07-02T18:59:24+08:00,132.534,0.0,0.0,0.0,0.0,0.0,0,0,0,0,True,False,False,,,,1,1,1,RETRY_LATER,no_effective_patch,api_rate_limited,,xdebug evidence + logs + repair-scope files,api_retryable_retry_later: API call timed out after 120s,api_model_name=xopglmv47flash; api_key_env=MAAS_API_KEY; transcript=glm-4.7_transcript.jsonl; command_log=glm-4.7_commands.log
v2_run_20260630_025641,glm-4.7,case_007,with_xdebug,fullchip,fullchip,SOC,control,rtl,valid_ready_rfWen_flush,,fullchip_vcs,rtl,True,False,True,True,xdebug_control_trace.json;xdebug_first_divergence.md,design_refs/common/rtl_debug_common.md;design_refs/fullchip/control/control_fullchip_design.md,2374,2026-07-02T19:30:41+08:00,2026-07-02T19:32:50+08:00,128.417,0.0,0.0,0.0,0.0,0.0,0,0,0,0,True,False,False,,,,1,1,1,RETRY_LATER,no_effective_patch,api_rate_limited,,xdebug evidence + logs + repair-scope files,api_retryable_retry_later: API call timed out after 120s,api_model_name=xopglmv47flash; api_key_env=MAAS_API_KEY; transcript=glm-4.7_transcript.jsonl; command_log=glm-4.7_commands.log
v2_run_20260630_025641,glm-4.7,case_007,with_xdebug,fullchip,fullchip,SOC,control,rtl,valid_ready_rfWen_flush,,fullchip_vcs,rtl,True,False,True,True,xdebug_control_trace.json;xdebug_first_divergence.md,design_refs/common/rtl_debug_common.md;design_refs/fullchip/control/control_fullchip_design.md,2245,2026-07-02T20:04:18+08:00,2026-07-02T20:06:24+08:00,125.363,0.0,0.0,0.0,0.0,0.0,0,0,0,0,True,False,False,,,,1,1,1,RETRY_LATER,no_effective_patch,api_rate_limited,,xdebug evidence + logs + repair-scope files,api_retryable_retry_later: API call timed out after 120s,api_model_name=xopglmv47flash; api_key_env=MAAS_API_KEY; transcript=glm-4.7_transcript.jsonl; command_log=glm-4.7_commands.log
v2_run_20260630_025641,glm-4.7,case_007,with_xdebug,fullchip,fullchip,SOC,control,rtl,valid_ready_rfWen_flush,,fullchip_vcs,rtl,True,False,True,True,xdebug_control_trace.json;xdebug_first_divergence.md,design_refs/common/rtl_debug_common.md;design_refs/fullchip/control/control_fullchip_design.md,2120,2026-07-02T20:37:55+08:00,2026-07-02T20:39:58+08:00,123.057,0.0,0.0,0.0,0.0,0.0,0,0,0,0,True,False,False,,,,1,1,1,RETRY_LATER,no_effective_patch,api_rate_limited,,xdebug evidence + logs + repair-scope files,api_retryable_retry_later: API call timed out after 120s,api_model_name=xopglmv47flash; api_key_env=MAAS_API_KEY; transcript=glm-4.7_transcript.jsonl; command_log=glm-4.7_commands.log
v2_run_20260630_025641,glm-4.7,case_007,with_xdebug,fullchip,fullchip,SOC,control,rtl,valid_ready_rfWen_flush,,fullchip_vcs,rtl,True,False,True,True,xdebug_control_trace.json;xdebug_first_divergence.md,design_refs/common/rtl_debug_common.md;design_refs/fullchip/control/control_fullchip_design.md,1997,2026-07-02T21:11:40+08:00,2026-07-02T21:13:45+08:00,125.05,0.0,0.0,0.0,0.0,0.0,0,0,0,0,True,False,False,,,,1,1,1,RETRY_LATER,no_effective_patch,api_rate_limited,,xdebug evidence + logs + repair-scope files,api_retryable_retry_later: API call timed out after 120s,api_model_name=xopglmv47flash; api_key_env=MAAS_API_KEY; transcript=glm-4.7_transcript.jsonl; command_log=glm-4.7_commands.log
v2_run_20260630_025641,glm-4.7,case_007,with_xdebug,fullchip,fullchip,SOC,control,rtl,valid_ready_rfWen_flush,,fullchip_vcs,rtl,True,False,True,True,xdebug_control_trace.json;xdebug_first_divergence.md,design_refs/common/rtl_debug_common.md;design_refs/fullchip/control/control_fullchip_design.md,1872,2026-07-02T21:54:28+08:00,2026-07-02T21:56:36+08:00,128.377,0.0,0.0,0.0,0.0,0.0,0,0,0,0,True,False,False,,,,1,1,1,RETRY_LATER,no_effective_patch,api_rate_limited,,xdebug evidence + logs + repair-scope files,api_retryable_retry_later: API call timed out after 120s,api_model_name=xopglmv47flash; api_key_env=MAAS_API_KEY; transcript=glm-4.7_transcript.jsonl; command_log=glm-4.7_commands.log
v2_run_20260630_025641,glm-4.7,case_007,with_xdebug,fullchip,fullchip,SOC,control,rtl,valid_ready_rfWen_flush,,fullchip_vcs,rtl,True,False,True,True,xdebug_control_trace.json;xdebug_first_divergence.md,design_refs/common/rtl_debug_common.md;design_refs/fullchip/control/control_fullchip_design.md,1743,2026-07-02T22:27:55+08:00,2026-07-02T22:29:59+08:00,124.185,0.0,0.0,0.0,0.0,0.0,0,0,0,0,True,False,False,,,,1,1,1,RETRY_LATER,no_effective_patch,api_rate_limited,,xdebug evidence + logs + repair-scope files,api_retryable_retry_later: API call timed out after 120s,api_model_name=xopglmv47flash; api_key_env=MAAS_API_KEY; transcript=glm-4.7_transcript.jsonl; command_log=glm-4.7_commands.log
v2_run_20260630_025641,glm-4.7,case_007,with_xdebug,fullchip,fullchip,SOC,control,rtl,valid_ready_rfWen_flush,,fullchip_vcs,rtl,True,False,True,True,xdebug_control_trace.json;xdebug_first_divergence.md,design_refs/common/rtl_debug_common.md;design_refs/fullchip/control/control_fullchip_design.md,1619,2026-07-02T23:01:22+08:00,2026-07-02T23:03:23+08:00,120.382,0.0,0.0,0.0,0.0,0.0,0,0,0,0,True,False,False,,,,1,1,1,RETRY_LATER,no_effective_patch,api_rate_limited,,xdebug evidence + logs + repair-scope files,api_retryable_retry_later: API call timed out after 120s,api_model_name=xopglmv47flash; api_key_env=MAAS_API_KEY; transcript=glm-4.7_transcript.jsonl; command_log=glm-4.7_commands.log
v2_run_20260630_025641,glm-4.7,case_007,with_xdebug,fullchip,fullchip,SOC,control,rtl,valid_ready_rfWen_flush,,fullchip_vcs,rtl,True,False,True,True,xdebug_control_trace.json;xdebug_first_divergence.md,design_refs/common/rtl_debug_common.md;design_refs/fullchip/control/control_fullchip_design.md,1499,2026-07-02T23:57:54+08:00,2026-07-02T23:59:59+08:00,124.866,0.0,0.0,0.0,0.0,0.0,0,0,0,0,True,False,False,,,,1,1,1,RETRY_LATER,no_effective_patch,api_rate_limited,,xdebug evidence + logs + repair-scope files,api_retryable_retry_later: API call timed out after 120s,api_model_name=xopglmv47flash; api_key_env=MAAS_API_KEY; transcript=glm-4.7_transcript.jsonl; command_log=glm-4.7_commands.log
v2_run_20260630_025641,gpt-5.5,case_007,with_xdebug,fullchip,fullchip,SOC,control,rtl,valid_ready_rfWen_flush,,fullchip_vcs,rtl,true,false,true,true,xdebug_control_trace.json;xdebug_first_divergence.md,design_refs/common/rtl_debug_common.md;design_refs/fullchip/control/control_fullchip_design.md,3600,2026-07-01T16:16:56+08:00,2026-07-01T21:56:44+08:00,3600.283,120.98,0.053,2009.391,20.605,0.09,20,498908,19856,518764,false,true,false,rtl/RegCacheDataModule.sv,rtl/RegCacheDataModule.sv,,124,1,1,TIMEOUT,rtl_only,timeout,,xdebug evidence + logs + repair-scope files,,api_model_name=gpt-5.5; api_key_env=GPT55_API_KEY; transcript=gpt-5.5_transcript.jsonl; command_log=gpt-5.5_commands.log; cumulative_attempts=7; cumulative_elapsed_sec=3600.283
v2_run_20260630_025641,gpt-5.5,case_007,without_xdebug,fullchip,fullchip,SOC,control,rtl,valid_ready_rfWen_flush,,fullchip_vcs,rtl,true,false,false,false,,design_refs/common/rtl_debug_common.md;design_refs/fullchip/control/control_fullchip_design.md,3600,2026-07-01T21:56:48+08:00,2026-07-02T02:48:44+0800,3603.448,102.389,0.073,1946.412,21.92,0.073,17,418092,24283,442375,false,true,false,rtl/RegCacheDataModule.sv,rtl/RegCacheDataModule.sv,,,,1,TIMEOUT,rtl_only,,,logs + repair-scope files + text search,,transcript=gpt-5.5_transcript.jsonl; api_model_name=gpt-5.5; cumulative_attempts=6; cumulative_elapsed_sec=3603.448
v2_run_20260630_025641,qwen3.6-35b,case_007,with_xdebug,fullchip,fullchip,SOC,control,rtl,valid_ready_rfWen_flush,,fullchip_vcs,rtl,true,false,true,true,xdebug_control_trace.json;xdebug_first_divergence.md,design_refs/common/rtl_debug_common.md;design_refs/fullchip/control/control_fullchip_design.md,3600,2026-07-02T13:29:05+08:00,2026-07-02T14:29:13+08:00,3607.791,36.621,1.121,0,0,0,278,11413034,462466,11875500,false,false,false,,,,1,1,1,TIMEOUT,no_effective_patch,timeout,,xdebug evidence + logs + repair-scope files,,api_model_name=xopqwen36v35b; api_key_env=MAAS_API_KEY; transcript=qwen3.6-35b_transcript.jsonl; command_log=qwen3.6-35b_commands.log
v2_run_20260630_025641,qwen3.6-35b,case_007,without_xdebug,fullchip,fullchip,SOC,control,rtl,valid_ready_rfWen_flush,,fullchip_vcs,rtl,true,false,false,false,,design_refs/common/rtl_debug_common.md;design_refs/fullchip/control/control_fullchip_design.md,3600,2026-07-02T14:31:20+08:00,2026-07-02T21:54:26+08:00,3601.631,58.654,3.645,0.0,0.0,0.0,243,9162858,306737,9469595,true,false,false,,,,1,1,1,TIMEOUT,no_effective_patch,timeout,,logs + repair-scope files + text search,,api_model_name=xopqwen36v35b; api_key_env=MAAS_API_KEY; transcript=qwen3.6-35b_transcript.jsonl; command_log=qwen3.6-35b_commands.log; cumulative_attempts=10; cumulative_elapsed_sec=3601.631
v2_run_20260630_025641,gpt-5.5,case_008,with_xdebug,fullchip,fullchip,SOC,lsu_cache,rtl,address_mask_data_resp,,fullchip_vcs,rtl,true,false,true,true,xdebug_first_bad_load.md;xdebug_lsu_trace.json,design_refs/common/rtl_debug_common.md;design_refs/fullchip/lsu_cache/lsu_cache_fullchip_design.md,3600,2026-07-02T02:49:12+08:00,2026-07-02T04:19:54+08:00,3600.037,19.312,0.051,2009.192,45.044,0.075,27,780188,36414,816602,false,true,false,rtl/AXI4Flash.sv,rtl/AXI4Flash.sv,,124,1,1,TIMEOUT,rtl_only,timeout,,xdebug evidence + logs + repair-scope files,model_returned_no_patch,api_model_name=gpt-5.5; api_key_env=GPT55_API_KEY; transcript=gpt-5.5_transcript.jsonl; command_log=gpt-5.5_commands.log; cumulative_attempts=2; cumulative_elapsed_sec=3600.037
v2_run_20260630_025641,gpt-5.5,case_008,without_xdebug,fullchip,fullchip,SOC,lsu_cache,rtl,address_mask_data_resp,,fullchip_vcs,rtl,true,false,false,false,,design_refs/common/rtl_debug_common.md;design_refs/fullchip/lsu_cache/lsu_cache_fullchip_design.md,3600,2026-07-02T06:22:14+08:00,2026-07-02T08:54:23+08:00,3599.911,72.003,0.059,1443.674,14.78,0.053,37,856390,44983,901373,false,true,false,rtl/AXI4Flash.sv,rtl/AXI4Flash.sv,,124,1,1,TIMEOUT,rtl_only,timeout,,logs + repair-scope files + text search,model_returned_no_patch,api_model_name=gpt-5.5; api_key_env=GPT55_API_KEY; transcript=gpt-5.5_transcript.jsonl; command_log=gpt-5.5_commands.log; cumulative_attempts=4; cumulative_elapsed_sec=3599.911
v2_run_20260630_025641,qwen3.6-35b,case_008,with_xdebug,fullchip,fullchip,SOC,lsu_cache,rtl,address_mask_data_resp,,fullchip_vcs,rtl,true,false,true,true,xdebug_first_bad_load.md;xdebug_lsu_trace.json,design_refs/common/rtl_debug_common.md;design_refs/fullchip/lsu_cache/lsu_cache_fullchip_design.md,3600,2026-07-02T21:56:42+08:00,2026-07-02T23:57:27+08:00,3625.86,114.875,1.079,180.057,2.427,0.007,161,6857032,406367,7263399,true,true,false,rtl/AMOALU.sv,rtl/AMOALU.sv,,1,1,1,TIMEOUT,rtl_only,timeout,,xdebug evidence + logs + repair-scope files,,api_model_name=xopqwen36v35b; api_key_env=MAAS_API_KEY; transcript=qwen3.6-35b_transcript.jsonl; command_log=qwen3.6-35b_commands.log; cumulative_attempts=3; cumulative_elapsed_sec=3625.860
v2_run_20260630_025641,qwen3.6-35b,case_008,without_xdebug,fullchip,fullchip,SOC,lsu_cache,rtl,address_mask_data_resp,,fullchip_vcs,rtl,true,false,false,false,,design_refs/common/rtl_debug_common.md;design_refs/fullchip/lsu_cache/lsu_cache_fullchip_design.md,3600,2026-07-03T00:00:12+08:00,2026-07-03T02:24:27+08:00,3614.927,172.465,0.815,209.632,2.737,0.008,177,7245399,489607,7735006,true,true,false,rtl/ByteMaskTailGen.sv;rtl/AMOALU.sv,rtl/ByteMaskTailGen.sv;rtl/AMOALU.sv,,1,1,1,TIMEOUT,rtl_only,timeout,,logs + repair-scope files + text search,,api_model_name=xopqwen36v35b; api_key_env=MAAS_API_KEY; transcript=qwen3.6-35b_transcript.jsonl; command_log=qwen3.6-35b_commands.log; cumulative_attempts=4; cumulative_elapsed_sec=3614.927
v2_run_20260630_025641,gpt-5.5,case_009,with_xdebug,fullchip,fullchip,SOC,branch_redirect,rtl,pc_redirect_without_early_rf_mismatch,,fullchip_vcs,rtl,true,false,true,true,xdebug_pc_divergence.md;xdebug_redirect_trace.json,design_refs/common/rtl_debug_common.md;design_refs/fullchip/branch_redirect/branch_redirect_fullchip_design.md,3600,2026-07-02T09:44:07+08:00,2026-07-02T09:48:08+08:00,240.165,27.068,0.004,187.738,3.595,0.013,2,42826,771,43597,false,true,false,rtl/BranchUnit.sv,rtl/BranchUnit.sv,,,,0,PASS,rtl_only,, | ===== JUDGE 2026-07-02T09:48:07+08:00 :: scripts/judge.sh ===== | PASS: full-chip workload passed | ,xdebug evidence + logs + repair-scope files,,api_model_name=gpt-5.5; api_key_env=GPT55_API_KEY; transcript=gpt-5.5_transcript.jsonl; command_log=gpt-5.5_commands.log
v2_run_20260630_025641,gpt-5.5,case_009,without_xdebug,fullchip,fullchip,SOC,branch_redirect,rtl,pc_redirect_without_early_rf_mismatch,,fullchip_vcs,rtl,true,false,false,false,,design_refs/common/rtl_debug_common.md;design_refs/fullchip/branch_redirect/branch_redirect_fullchip_design.md,3600,2026-07-02T09:48:10+08:00,2026-07-02T09:52:48+08:00,278.159,24.568,0.008,179.323,3.943,0.01,2,37570,1097,38667,false,true,false,rtl/BranchUnit.sv,rtl/BranchUnit.sv,,,,0,PASS,rtl_only,, | ===== JUDGE 2026-07-02T09:52:48+08:00 :: scripts/judge.sh ===== | PASS: full-chip workload passed | ,logs + repair-scope files + text search,,api_model_name=gpt-5.5; api_key_env=GPT55_API_KEY; transcript=gpt-5.5_transcript.jsonl; command_log=gpt-5.5_commands.log
v2_run_20260630_025641,qwen3.6-35b,case_009,with_xdebug,fullchip,fullchip,SOC,branch_redirect,rtl,pc_redirect_without_early_rf_mismatch,,fullchip_vcs,rtl,true,false,true,true,xdebug_pc_divergence.md;xdebug_redirect_trace.json,design_refs/common/rtl_debug_common.md;design_refs/fullchip/branch_redirect/branch_redirect_fullchip_design.md,3600,2026-07-03T02:24:32+08:00,2026-07-03T04:27:41+08:00,3602.658,54.661,0.304,194.498,2.145,0.007,404,18320407,360282,18680689,true,true,false,rtl/AMOALU.sv,rtl/AMOALU.sv,,1,1,1,TIMEOUT,rtl_only,timeout,,xdebug evidence + logs + repair-scope files,,api_model_name=xopqwen36v35b; api_key_env=MAAS_API_KEY; transcript=qwen3.6-35b_transcript.jsonl; command_log=qwen3.6-35b_commands.log; cumulative_attempts=3; cumulative_elapsed_sec=3602.658
v2_run_20260630_025641,qwen3.6-35b,case_009,without_xdebug,fullchip,fullchip,SOC,branch_redirect,rtl,pc_redirect_without_early_rf_mismatch,,fullchip_vcs,rtl,true,false,false,false,,design_refs/common/rtl_debug_common.md;design_refs/fullchip/branch_redirect/branch_redirect_fullchip_design.md,3600,2026-07-03T04:27:43+08:00,2026-07-03T05:27:51+08:00,3608.197,52.505,3.607,0,0,0,260,10235792,570193,10805985,false,false,false,,,,1,1,1,TIMEOUT,no_effective_patch,timeout,,logs + repair-scope files + text search,,api_model_name=xopqwen36v35b; api_key_env=MAAS_API_KEY; transcript=qwen3.6-35b_transcript.jsonl; command_log=qwen3.6-35b_commands.log
v2_run_20260630_025641,gpt-5.5,case_010,with_xdebug,fullchip,fullchip,SOC,memory_subsystem,rtl,cache_mmu_interaction,,fullchip_vcs,rtl,true,false,true,true,xdebug_first_bad_refill.md;xdebug_tlb_cache_trace.json,design_refs/common/rtl_debug_common.md;design_refs/fullchip/memory_subsystem/memory_subsystem_fullchip_design.md,3600,2026-07-02T09:52:50+08:00,2026-07-02T12:25:20+08:00,3600.674,82.112,0.051,1816.358,98.234,0.083,22,615013,32710,647723,false,true,false,rtl/AXI4UART.sv;rtl/AluDataModule.sv;rtl/DCache.sv;rtl/Alu.sv,rtl/AXI4UART.sv;rtl/AluDataModule.sv;rtl/DCache.sv;rtl/Alu.sv,,124,1,1,TIMEOUT,rtl_only,timeout,,xdebug evidence + logs + repair-scope files,,api_model_name=gpt-5.5; api_key_env=GPT55_API_KEY; transcript=gpt-5.5_transcript.jsonl; command_log=gpt-5.5_commands.log; cumulative_attempts=4; cumulative_elapsed_sec=3600.674
v2_run_20260630_025641,gpt-5.5,case_010,without_xdebug,fullchip,fullchip,SOC,memory_subsystem,rtl,cache_mmu_interaction,,fullchip_vcs,rtl,true,false,false,false,,design_refs/common/rtl_debug_common.md;design_refs/fullchip/memory_subsystem/memory_subsystem_fullchip_design.md,3600,2026-07-02T12:25:22+08:00,2026-07-02T13:26:50+08:00,3687.995,14.661,0.025,1255.077,1790.138,0.048,11,278586,16687,295273,false,true,false,rtl/AXI4UART.sv;rtl/Alu_3.sv,rtl/AXI4UART.sv;rtl/Alu_3.sv,,,124,1,TIMEOUT,rtl_only,timeout,,logs + repair-scope files + text search,,api_model_name=gpt-5.5; api_key_env=GPT55_API_KEY; transcript=gpt-5.5_transcript.jsonl; command_log=gpt-5.5_commands.log
v2_run_20260630_025641,qwen3.6-35b,case_010,with_xdebug,fullchip,fullchip,SOC,memory_subsystem,rtl,cache_mmu_interaction,,fullchip_vcs,rtl,True,False,True,True,xdebug_first_bad_refill.md;xdebug_tlb_cache_trace.json,design_refs/common/rtl_debug_common.md;design_refs/fullchip/memory_subsystem/memory_subsystem_fullchip_design.md,3600,2026-07-03T05:28:06+08:00,2026-07-03T09:37:53+08:00,3623.526,274.153,0.333,1017.793,52.494,0.043,72,3070021,229207,3299228,true,true,false,rtl/AMOALU.sv;rtl/AXI4DMAC.sv,rtl/AMOALU.sv;rtl/AXI4DMAC.sv,,0,0,1,TIMEOUT,rtl_only,timeout,,xdebug evidence + logs + repair-scope files,cumulative_retry_later_timeout: attempts=7; cumulative_elapsed_sec=3623.526; timeout_sec=3600,api_model_name=xopqwen36v35b; api_key_env=MAAS_API_KEY; transcript=qwen3.6-35b_transcript.jsonl; command_log=qwen3.6-35b_commands.log; cumulative_attempts=7
v2_run_20260630_025641,qwen3.6-35b,case_010,without_xdebug,fullchip,fullchip,SOC,memory_subsystem,rtl,cache_mmu_interaction,,fullchip_vcs,rtl,true,false,false,false,,design_refs/common/rtl_debug_common.md;design_refs/fullchip/memory_subsystem/memory_subsystem_fullchip_design.md,3600,2026-07-03T09:37:55+08:00,2026-07-03T18:18:24+0800,3599.25,142.548,0.687,205.098,11.276,0.012,177,6468763,166212,6634975,true,true,false,rtl/AMOALU.sv,rtl/AMOALU.sv,,,,1,TIMEOUT,rtl_only,,,logs + repair-scope files + text search,,repair_dir=/root/XiangShan-build/build/xverif_benchmark/v2_run_20260630_025641/repair/qwen3.6-35b/without_xdebug/case_010; cumulative_attempts=16; cumulative_elapsed_sec=3599.250
v2_run_20260630_025641,gpt-5.5,case_011,with_xdebug,fullchip,fullchip,SOC,difftest,env,dropped_diff_plusarg,run_option,fullchip_vcs,config;env;filelists;scripts;Makefile;build_kdb.sh;filelist.f;makefile;run_args.txt;run_case.sh;vcs_args.f;vcs_command.sh,false,true,true,true,xdebug_difftest_enable_check.txt;xdebug_run_command_audit.md,design_refs/common/rtl_debug_common.md;design_refs/fullchip/memory_subsystem/memory_subsystem_fullchip_design.md,3600,2026-07-02T14:33:22+08:00,2026-07-02T14:34:19+08:00,56.936,42.27,0.007,0.006,3.351,0.008,2,11117,1240,12357,false,false,true,config/diff.env,,config/diff.env,,,0,PASS,env_only,, | ===== JUDGE 2026-07-02T14:34:19+08:00 :: scripts/judge.sh ===== | PASS: full-chip workload passed | ,xdebug evidence + logs + repair-scope files,,api_model_name=gpt-5.5; api_key_env=GPT55_API_KEY; transcript=gpt-5.5_transcript.jsonl; command_log=gpt-5.5_commands.log
v2_run_20260630_025641,gpt-5.5,case_011,without_xdebug,fullchip,fullchip,SOC,difftest,env,dropped_diff_plusarg,run_option,fullchip_vcs,config;env;filelists;scripts;Makefile;build_kdb.sh;filelist.f;makefile;run_args.txt;run_case.sh;vcs_args.f;vcs_command.sh,false,true,false,false,,design_refs/common/rtl_debug_common.md;design_refs/fullchip/memory_subsystem/memory_subsystem_fullchip_design.md,3600,2026-07-02T14:34:19+08:00,2026-07-02T14:39:14+08:00,295.059,39.971,0.027,0.069,12.275,0.011,10,86677,6593,93270,false,false,true,scripts/run.sh,,scripts/run.sh,,,0,PASS,env_only,, | ===== JUDGE 2026-07-02T14:39:14+08:00 :: scripts/judge.sh ===== | PASS: full-chip workload passed | ,logs + repair-scope files + text search,,api_model_name=gpt-5.5; api_key_env=GPT55_API_KEY; transcript=gpt-5.5_transcript.jsonl; command_log=gpt-5.5_commands.log
v2_run_20260630_025641,qwen3.6-35b,case_011,with_xdebug,fullchip,fullchip,SOC,difftest,env,dropped_diff_plusarg,run_option,fullchip_vcs,config;env;filelists;scripts;Makefile;build_kdb.sh;filelist.f;makefile;run_args.txt;run_case.sh;vcs_args.f;vcs_command.sh,false,true,true,true,xdebug_difftest_enable_check.txt;xdebug_run_command_audit.md,design_refs/common/rtl_debug_common.md;design_refs/fullchip/memory_subsystem/memory_subsystem_fullchip_design.md,3600,2026-07-03T18:18:25+08:00,2026-07-03T18:51:46+08:00,169.822,18.35,0.022,0.029,4.472,0.01,5,38389,4233,42622,false,false,true,scripts/build.sh;scripts/run.sh,,scripts/build.sh;scripts/run.sh,,,0,PASS,env_only,, | ===== JUDGE 2026-07-03T18:51:45+08:00 :: scripts/judge.sh ===== | PASS: full-chip workload passed | ,xdebug evidence + logs + repair-scope files,,api_model_name=xopqwen36v35b; api_key_env=MAAS_API_KEY; transcript=qwen3.6-35b_transcript.jsonl; command_log=qwen3.6-35b_commands.log; cumulative_attempts=2; cumulative_elapsed_sec=169.822
v2_run_20260630_025641,qwen3.6-35b,case_011,without_xdebug,fullchip,fullchip,SOC,difftest,env,dropped_diff_plusarg,run_option,fullchip_vcs,config;env;filelists;scripts;Makefile;build_kdb.sh;filelist.f;makefile;run_args.txt;run_case.sh;vcs_args.f;vcs_command.sh,false,true,false,false,,design_refs/common/rtl_debug_common.md;design_refs/fullchip/memory_subsystem/memory_subsystem_fullchip_design.md,3600,2026-07-03T18:51:46+08:00,2026-07-03T18:52:21+08:00,34.958,7.776,0.017,0.032,9.297,0.011,4,37527,4018,41545,false,false,true,config/diff.env;scripts/run.sh,,config/diff.env;scripts/run.sh,,,0,PASS,env_only,, | ===== JUDGE 2026-07-03T18:52:21+08:00 :: scripts/judge.sh ===== | PASS: full-chip workload passed | ,logs + repair-scope files + text search,,api_model_name=xopqwen36v35b; api_key_env=MAAS_API_KEY; transcript=qwen3.6-35b_transcript.jsonl; command_log=qwen3.6-35b_commands.log
v2_run_20260630_025641,gpt-5.5,case_012,with_xdebug,real_rtl_ut,generated_uvm,UT,axi,env,wrong_case_or_seed,run_dispatch,uvm_generated,config;env;filelists;scripts;Makefile;build_kdb.sh;filelist.f;makefile;run_args.txt;run_case.sh;vcs_args.f;vcs_command.sh,false,true,true,true,xdebug_case_dispatch_audit.md;xdebug_scoreboard_case_map.json,design_refs/common/rtl_debug_common.md;design_refs/ut/axi/axi_ut_design.md,3600,2026-07-02T14:39:15+08:00,2026-07-02T14:39:52+08:00,37.433,16.372,0.007,5.018,0.404,0.01,2,16757,761,17518,false,false,true,config/case.env;scripts/run.sh,,config/case.env;scripts/run.sh,,,0,PASS,env_only,, | ===== JUDGE 2026-07-02T14:39:52+08:00 :: scripts/judge.sh ===== | PASS: generated UVM case passed | ,xdebug evidence + logs + repair-scope files,,api_model_name=gpt-5.5; api_key_env=GPT55_API_KEY; transcript=gpt-5.5_transcript.jsonl; command_log=gpt-5.5_commands.log
v2_run_20260630_025641,gpt-5.5,case_012,without_xdebug,real_rtl_ut,generated_uvm,UT,axi,env,wrong_case_or_seed,run_dispatch,uvm_generated,config;env;filelists;scripts;Makefile;build_kdb.sh;filelist.f;makefile;run_args.txt;run_case.sh;vcs_args.f;vcs_command.sh,false,true,false,false,,design_refs/common/rtl_debug_common.md;design_refs/ut/axi/axi_ut_design.md,3600,2026-07-02T14:39:52+08:00,2026-07-02T14:40:29+08:00,37.196,13.858,0.011,5.093,0.383,0.01,2,11698,668,12366,false,false,true,config/case.env;scripts/run.sh,,config/case.env;scripts/run.sh,,,0,PASS,env_only,, | ===== JUDGE 2026-07-02T14:40:29+08:00 :: scripts/judge.sh ===== | PASS: generated UVM case passed | ,logs + repair-scope files + text search,,api_model_name=gpt-5.5; api_key_env=GPT55_API_KEY; transcript=gpt-5.5_transcript.jsonl; command_log=gpt-5.5_commands.log
v2_run_20260630_025641,qwen3.6-35b,case_012,with_xdebug,real_rtl_ut,generated_uvm,UT,axi,env,wrong_case_or_seed,run_dispatch,uvm_generated,config;env;filelists;scripts;Makefile;build_kdb.sh;filelist.f;makefile;run_args.txt;run_case.sh;vcs_args.f;vcs_command.sh,false,true,true,true,xdebug_case_dispatch_audit.md;xdebug_scoreboard_case_map.json,design_refs/common/rtl_debug_common.md;design_refs/ut/axi/axi_ut_design.md,3600,2026-07-03T18:52:22+08:00,2026-07-03T18:52:31+08:00,9.183,2.715,0.004,6.012,0.438,0.012,1,7014,416,7430,false,false,true,config/case.env,,config/case.env,,,0,PASS,env_only,, | ===== JUDGE 2026-07-03T18:52:31+08:00 :: scripts/judge.sh ===== | PASS: generated UVM case passed | ,xdebug evidence + logs + repair-scope files,,api_model_name=xopqwen36v35b; api_key_env=MAAS_API_KEY; transcript=qwen3.6-35b_transcript.jsonl; command_log=qwen3.6-35b_commands.log
v2_run_20260630_025641,qwen3.6-35b,case_012,without_xdebug,real_rtl_ut,generated_uvm,UT,axi,env,wrong_case_or_seed,run_dispatch,uvm_generated,config;env;filelists;scripts;Makefile;build_kdb.sh;filelist.f;makefile;run_args.txt;run_case.sh;vcs_args.f;vcs_command.sh,false,true,false,false,,design_refs/common/rtl_debug_common.md;design_refs/ut/axi/axi_ut_design.md,3600,2026-07-03T18:52:31+08:00,2026-07-03T18:52:39+08:00,7.858,1.85,0.002,5.611,0.382,0.01,1,4183,457,4640,false,false,true,config/case.env,,config/case.env,,,0,PASS,env_only,, | ===== JUDGE 2026-07-03T18:52:39+08:00 :: scripts/judge.sh ===== | PASS: generated UVM case passed | ,logs + repair-scope files + text search,,api_model_name=xopqwen36v35b; api_key_env=MAAS_API_KEY; transcript=qwen3.6-35b_transcript.jsonl; command_log=qwen3.6-35b_commands.log
v2_run_20260630_025641,gpt-5.5,case_013,with_xdebug,fullchip,fullchip,SOC,build_cache,env,stale_or_unwritable_simv,build_cache,fullchip_vcs,config;env;filelists;scripts;Makefile;build_kdb.sh;filelist.f;makefile;run_args.txt;run_case.sh;vcs_args.f;vcs_command.sh,false,true,true,true,xdebug_build_fingerprint.txt;xdebug_simv_timestamp_audit.md,design_refs/common/rtl_debug_common.md;design_refs/fullchip/memory_subsystem/memory_subsystem_fullchip_design.md,3600,2026-07-02T14:40:30+08:00,2026-07-02T14:40:41+08:00,11.332,7.648,0.003,0.008,3.663,0.009,1,3081,143,3224,false,false,true,config/run_target.env,,config/run_target.env,,,0,PASS,env_only,, | ===== JUDGE 2026-07-02T14:40:41+08:00 :: scripts/judge.sh ===== | PASS: full-chip workload passed | ,xdebug evidence + logs + repair-scope files,,api_model_name=gpt-5.5; api_key_env=GPT55_API_KEY; transcript=gpt-5.5_transcript.jsonl; command_log=gpt-5.5_commands.log
v2_run_20260630_025641,gpt-5.5,case_013,without_xdebug,fullchip,fullchip,SOC,build_cache,env,stale_or_unwritable_simv,build_cache,fullchip_vcs,config;env;filelists;scripts;Makefile;build_kdb.sh;filelist.f;makefile;run_args.txt;run_case.sh;vcs_args.f;vcs_command.sh,false,true,false,false,,design_refs/common/rtl_debug_common.md;design_refs/fullchip/memory_subsystem/memory_subsystem_fullchip_design.md,3600,2026-07-02T14:40:42+08:00,2026-07-02T14:40:51+08:00,8.696,5.35,0.002,0.006,3.328,0.008,1,2761,111,2872,false,false,true,config/run_target.env,,config/run_target.env,,,0,PASS,env_only,, | ===== JUDGE 2026-07-02T14:40:51+08:00 :: scripts/judge.sh ===== | PASS: full-chip workload passed | ,logs + repair-scope files + text search,,api_model_name=gpt-5.5; api_key_env=GPT55_API_KEY; transcript=gpt-5.5_transcript.jsonl; command_log=gpt-5.5_commands.log
v2_run_20260630_025641,qwen3.6-35b,case_013,with_xdebug,fullchip,fullchip,SOC,build_cache,env,stale_or_unwritable_simv,build_cache,fullchip_vcs,config;env;filelists;scripts;Makefile;build_kdb.sh;filelist.f;makefile;run_args.txt;run_case.sh;vcs_args.f;vcs_command.sh,false,true,true,true,xdebug_build_fingerprint.txt;xdebug_simv_timestamp_audit.md,design_refs/common/rtl_debug_common.md;design_refs/fullchip/memory_subsystem/memory_subsystem_fullchip_design.md,3600,2026-07-03T18:52:40+08:00,2026-07-03T18:52:45+08:00,5.791,1.473,0.003,0.009,4.293,0.011,1,3278,257,3535,false,false,true,config/run_target.env,,config/run_target.env,,,0,PASS,env_only,, | ===== JUDGE 2026-07-03T18:52:45+08:00 :: scripts/judge.sh ===== | PASS: full-chip workload passed | ,xdebug evidence + logs + repair-scope files,,api_model_name=xopqwen36v35b; api_key_env=MAAS_API_KEY; transcript=qwen3.6-35b_transcript.jsonl; command_log=qwen3.6-35b_commands.log
v2_run_20260630_025641,qwen3.6-35b,case_013,without_xdebug,fullchip,fullchip,SOC,build_cache,env,stale_or_unwritable_simv,build_cache,fullchip_vcs,config;env;filelists;scripts;Makefile;build_kdb.sh;filelist.f;makefile;run_args.txt;run_case.sh;vcs_args.f;vcs_command.sh,false,true,false,false,,design_refs/common/rtl_debug_common.md;design_refs/fullchip/memory_subsystem/memory_subsystem_fullchip_design.md,3600,2026-07-03T18:52:46+08:00,2026-07-03T18:52:52+08:00,6.215,1.893,0.005,0.013,4.289,0.013,1,2952,306,3258,false,false,true,config/run_target.env,,config/run_target.env,,,0,PASS,env_only,, | ===== JUDGE 2026-07-03T18:52:52+08:00 :: scripts/judge.sh ===== | PASS: full-chip workload passed | ,logs + repair-scope files + text search,,api_model_name=xopqwen36v35b; api_key_env=MAAS_API_KEY; transcript=qwen3.6-35b_transcript.jsonl; command_log=qwen3.6-35b_commands.log
v2_run_20260630_025641,gpt-5.5,case_014,with_xdebug,real_rtl_it,generated_uvm,IT,memory,mixed,rtl_memory_mask_plus_wrong_judge,judge_masking,uvm_generated,cases;config;env;filelists;rtl;scripts;tb;Makefile;build_kdb.sh;filelist.f;makefile;run_args.txt;run_case.sh;vcs_args.f;vcs_command.sh,true,true,true,true,xdebug_data_mismatch.csv;xdebug_judge_audit.md,design_refs/common/rtl_debug_common.md;design_refs/it/memory/memory_it_design.md,3600,2026-07-02T14:40:51+08:00,2026-07-02T15:33:06+08:00,271.403,95.256,0.015,5.436,0.388,0.01,2,50234,3507,53741,true,true,true,config/case.env;rtl/xs_generated_rtl_bridge.sv;scripts/run.sh,rtl/xs_generated_rtl_bridge.sv,config/case.env;scripts/run.sh,,,0,PASS,mixed,, | ===== JUDGE 2026-07-02T15:33:06+08:00 :: scripts/judge.sh ===== | PASS: generated UVM case passed | ,xdebug evidence + logs + repair-scope files,,api_model_name=gpt-5.5; api_key_env=GPT55_API_KEY; transcript=gpt-5.5_transcript.jsonl; command_log=gpt-5.5_commands.log; cumulative_attempts=2; cumulative_elapsed_sec=271.403
v2_run_20260630_025641,gpt-5.5,case_014,without_xdebug,real_rtl_it,generated_uvm,IT,memory,mixed,rtl_memory_mask_plus_wrong_judge,judge_masking,uvm_generated,cases;config;env;filelists;rtl;scripts;tb;Makefile;build_kdb.sh;filelist.f;makefile;run_args.txt;run_case.sh;vcs_args.f;vcs_command.sh,true,true,false,false,,design_refs/common/rtl_debug_common.md;design_refs/it/memory/memory_it_design.md,3600,2026-07-02T15:33:06+08:00,2026-07-02T15:35:35+08:00,149.27,96.697,0.011,6.605,0.451,0.014,2,49080,3655,52735,false,true,true,config/case.env;rtl/xs_generated_rtl_bridge.sv,rtl/xs_generated_rtl_bridge.sv,config/case.env,,,0,PASS,mixed,, | ===== JUDGE 2026-07-02T15:35:35+08:00 :: scripts/judge.sh ===== | PASS: generated UVM case passed | ,logs + repair-scope files + text search,,api_model_name=gpt-5.5; api_key_env=GPT55_API_KEY; transcript=gpt-5.5_transcript.jsonl; command_log=gpt-5.5_commands.log
v2_run_20260630_025641,qwen3.6-35b,case_014,with_xdebug,real_rtl_it,generated_uvm,IT,memory,mixed,rtl_memory_mask_plus_wrong_judge,judge_masking,uvm_generated,cases;config;env;filelists;rtl;scripts;tb;Makefile;build_kdb.sh;filelist.f;makefile;run_args.txt;run_case.sh;vcs_args.f;vcs_command.sh,true,true,true,true,xdebug_data_mismatch.csv;xdebug_judge_audit.md,design_refs/common/rtl_debug_common.md;design_refs/it/memory/memory_it_design.md,3600,2026-07-03T18:52:53+08:00,2026-07-03T19:52:58+08:00,3604.899,37.319,1.129,16.611,116.04,2.826,281,10330210,383997,10714207,false,false,false,,,,,,1,TIMEOUT,no_effective_patch,timeout,,xdebug evidence + logs + repair-scope files,,api_model_name=xopqwen36v35b; api_key_env=MAAS_API_KEY; transcript=qwen3.6-35b_transcript.jsonl; command_log=qwen3.6-35b_commands.log
v2_run_20260630_025641,qwen3.6-35b,case_014,without_xdebug,real_rtl_it,generated_uvm,IT,memory,mixed,rtl_memory_mask_plus_wrong_judge,judge_masking,uvm_generated,cases;config;env;filelists;rtl;scripts;tb;Makefile;build_kdb.sh;filelist.f;makefile;run_args.txt;run_case.sh;vcs_args.f;vcs_command.sh,true,true,false,false,,design_refs/common/rtl_debug_common.md;design_refs/it/memory/memory_it_design.md,3600,2026-07-03T19:52:58+08:00,2026-07-03T22:24:25+08:00,3610.974,67.765,1.567,2.739,0.0,0.0,298,10880168,364503,11244671,true,true,true,config/case.env;rtl/xs_generated_rtl_bridge.sv;tb/xs_bench_pkg.sv,rtl/xs_generated_rtl_bridge.sv,config/case.env;tb/xs_bench_pkg.sv,2,1,1,TIMEOUT,mixed,timeout,,logs + repair-scope files + text search,,api_model_name=xopqwen36v35b; api_key_env=MAAS_API_KEY; transcript=qwen3.6-35b_transcript.jsonl; command_log=qwen3.6-35b_commands.log; cumulative_attempts=4; cumulative_elapsed_sec=3610.974
v2_run_20260630_025641,gpt-5.5,case_015,with_xdebug,fullchip,fullchip,SOC,branch_redirect,mixed,rtl_redirect_plus_bad_ref,ref_model,fullchip_vcs,cases;config;env;filelists;rtl;scripts;tb;Makefile;build_kdb.sh;filelist.f;makefile;run_args.txt;run_case.sh;vcs_args.f;vcs_command.sh,true,true,true,true,xdebug_redirect_trace.json;xdebug_ref_so_audit.md,design_refs/common/rtl_debug_common.md;design_refs/fullchip/branch_redirect/branch_redirect_fullchip_design.md,3600,2026-07-02T15:36:03+08:00,2026-07-02T15:40:47+08:00,284.098,24.79,0.004,187.045,4.075,0.009,3,64401,2281,66682,false,true,true,config/diff.env;rtl/BranchUnit.sv;scripts/run.sh,rtl/BranchUnit.sv,config/diff.env;scripts/run.sh,,,0,PASS,mixed,, | ===== JUDGE 2026-07-02T15:40:47+08:00 :: scripts/judge.sh ===== | PASS: full-chip workload passed | ,xdebug evidence + logs + repair-scope files,,api_model_name=gpt-5.5; api_key_env=GPT55_API_KEY; transcript=gpt-5.5_transcript.jsonl; command_log=gpt-5.5_commands.log
v2_run_20260630_025641,gpt-5.5,case_015,without_xdebug,fullchip,fullchip,SOC,branch_redirect,mixed,rtl_redirect_plus_bad_ref,ref_model,fullchip_vcs,cases;config;env;filelists;rtl;scripts;tb;Makefile;build_kdb.sh;filelist.f;makefile;run_args.txt;run_case.sh;vcs_args.f;vcs_command.sh,true,true,false,false,,design_refs/common/rtl_debug_common.md;design_refs/fullchip/branch_redirect/branch_redirect_fullchip_design.md,3600,2026-07-02T15:40:50+08:00,2026-07-02T15:45:26+08:00,276.202,14.245,0.005,188.927,3.955,0.01,3,54625,2073,56698,false,true,true,rtl/BranchUnit.sv;scripts/run.sh,rtl/BranchUnit.sv,scripts/run.sh,,,0,PASS,mixed,, | ===== JUDGE 2026-07-02T15:45:26+08:00 :: scripts/judge.sh ===== | PASS: full-chip workload passed | ,logs + repair-scope files + text search,,api_model_name=gpt-5.5; api_key_env=GPT55_API_KEY; transcript=gpt-5.5_transcript.jsonl; command_log=gpt-5.5_commands.log
v2_run_20260630_025641,qwen3.6-35b,case_015,with_xdebug,fullchip,fullchip,SOC,branch_redirect,mixed,rtl_redirect_plus_bad_ref,ref_model,fullchip_vcs,rtl;scripts;env;config;filelists;tb;cases;Makefile;makefile;filelist.f;vcs_args.f;run_args.txt;build_kdb.sh;run_case.sh;vcs_command.sh,true,true,true,true,xdebug_redirect_trace.json;xdebug_ref_so_audit.md,design_refs/common/rtl_debug_common.md;design_refs/fullchip/branch_redirect/branch_redirect_fullchip_design.md,3600,2026-07-03T22:24:50+08:00,2026-07-03T23:54:58+0800,3600.488,54.062,0.822,0.0,0.0,0.0,281,11223347,344162,11567509,false,false,false,,,,,,1,TIMEOUT,no_effective_patch,,,xdebug evidence + logs + repair-scope files,,transcript=qwen3.6-35b_transcript.jsonl; api_model_name=xopqwen36v35b; cumulative_attempts=2; cumulative_elapsed_sec=3600.488
v2_run_20260630_025641,qwen3.6-35b,case_015,without_xdebug,fullchip,fullchip,SOC,branch_redirect,mixed,rtl_redirect_plus_bad_ref,ref_model,fullchip_vcs,rtl;scripts;env;config;filelists;tb;cases;Makefile;makefile;filelist.f;vcs_args.f;run_args.txt;build_kdb.sh;run_case.sh;vcs_command.sh,true,true,false,false,,design_refs/common/rtl_debug_common.md;design_refs/fullchip/branch_redirect/branch_redirect_fullchip_design.md,3600,2026-07-03T23:55:02+08:00,2026-07-04T01:25:05+0800,3599.476,0.0,0.0,0.0,0.0,0.0,467,17145865,362494,17508359,true,false,false,,,,,,1,TIMEOUT,no_effective_patch,,,logs + repair-scope files + text search,,transcript=qwen3.6-35b_transcript.jsonl; api_model_name=xopqwen36v35b; cumulative_attempts=2; cumulative_elapsed_sec=3599.476
v2_run_20260630_025641,gpt-5.5,case_016,with_xdebug,fullchip,fullchip,SOC,lsu_cache,mixed,rtl_lsu_plus_timeout_config,timeout_config,fullchip_vcs,cases;config;env;filelists;rtl;scripts;tb;Makefile;build_kdb.sh;filelist.f;makefile;run_args.txt;run_case.sh;vcs_args.f;vcs_command.sh,True,True,True,True,xdebug_lsu_trace.json;xdebug_timeout_audit.md,design_refs/common/rtl_debug_common.md;design_refs/fullchip/lsu_cache/lsu_cache_fullchip_design.md,3600,2026-07-02T15:45:29+08:00,2026-07-02T16:45:59+08:00,3630.053,47.454,0.09,2069.259,114.819,0.085,23,737503,32479,769982,false,true,true,config/run.env;rtl/AXI4UART.sv;rtl/MiscResultSelect.sv;scripts/run.sh,rtl/AXI4UART.sv;rtl/MiscResultSelect.sv,config/run.env;scripts/run.sh,0,0,1,TIMEOUT,mixed,timeout,,xdebug evidence + logs + repair-scope files,cumulative_retry_later_timeout: attempts=1; cumulative_elapsed_sec=3630.053; timeout_sec=3600,api_model_name=gpt-5.5; api_key_env=GPT55_API_KEY; transcript=gpt-5.5_transcript.jsonl; command_log=gpt-5.5_commands.log; cumulative_attempts=1
v2_run_20260630_025641,gpt-5.5,case_016,without_xdebug,fullchip,fullchip,SOC,lsu_cache,mixed,rtl_lsu_plus_timeout_config,timeout_config,fullchip_vcs,cases;config;env;filelists;rtl;scripts;tb;Makefile;build_kdb.sh;filelist.f;makefile;run_args.txt;run_case.sh;vcs_args.f;vcs_command.sh,True,True,False,False,,design_refs/common/rtl_debug_common.md;design_refs/fullchip/lsu_cache/lsu_cache_fullchip_design.md,3600,2026-07-02T16:50:24+08:00,2026-07-02T18:21:36+08:00,3601.672,112.048,0.051,2300.23,132.421,0.088,14,404925,24609,429534,false,true,true,config/run.env;rtl/AXI4DMAC.sv;rtl/AXI4UART.sv,rtl/AXI4DMAC.sv;rtl/AXI4UART.sv,config/run.env,0,0,1,TIMEOUT,mixed,timeout,,logs + repair-scope files + text search,cumulative_retry_later_timeout: attempts=2; cumulative_elapsed_sec=3601.672; timeout_sec=3600,api_model_name=gpt-5.5; api_key_env=GPT55_API_KEY; transcript=gpt-5.5_transcript.jsonl; command_log=gpt-5.5_commands.log; cumulative_attempts=2
v2_run_20260630_025641,qwen3.6-35b,case_016,with_xdebug,fullchip,fullchip,SOC,lsu_cache,mixed,rtl_lsu_plus_timeout_config,timeout_config,fullchip_vcs,rtl;scripts;env;config;filelists;tb;cases;Makefile;makefile;filelist.f;vcs_args.f;run_args.txt;build_kdb.sh;run_case.sh;vcs_command.sh,true,true,true,true,xdebug_lsu_trace.json;xdebug_timeout_audit.md,design_refs/common/rtl_debug_common.md;design_refs/fullchip/lsu_cache/lsu_cache_fullchip_design.md,3600,2026-07-04T01:25:22+08:00,2026-07-04T02:55:25+0800,3599.438,0.0,0.0,0.0,0.0,0.0,297,11969543,410167,12379710,true,false,false,,,,,,1,TIMEOUT,no_effective_patch,,,xdebug evidence + logs + repair-scope files,,transcript=qwen3.6-35b_transcript.jsonl; api_model_name=xopqwen36v35b; cumulative_attempts=2; cumulative_elapsed_sec=3599.438
v2_run_20260630_025641,qwen3.6-35b,case_016,without_xdebug,fullchip,fullchip,SOC,lsu_cache,mixed,rtl_lsu_plus_timeout_config,timeout_config,fullchip_vcs,rtl;scripts;env;config;filelists;tb;cases;Makefile;makefile;filelist.f;vcs_args.f;run_args.txt;build_kdb.sh;run_case.sh;vcs_command.sh,true,true,false,false,,design_refs/common/rtl_debug_common.md;design_refs/fullchip/lsu_cache/lsu_cache_fullchip_design.md,3600,2026-07-04T02:55:28+0800,2026-07-04T03:55:28+0800,3600,0,0,0,0,0,15,573405,33124,606529,false,false,false,,,,,,1,TIMEOUT,no_effective_patch,,,logs + repair-scope files + text search,,transcript=qwen3.6-35b_transcript.jsonl; api_model_name=xopqwen36v35b
